{
    "resumed_episodes": 6,
    "total_duration_seconds": 4670.525608539581,
    "total_duration_minutes": 77.8420934756597,
    "total_duration_hours": 1.297368224594328,
    "average_episode_duration_seconds": 2271.780651330948,
    "min_episode_duration_seconds": 2169.412014722824,
    "max_episode_duration_seconds": 2321.6179373264313,
    "average_cpu_memory_mb": 1567.9765625,
    "peak_cpu_memory_mb": 1658.70703125,
    "average_gpu_memory_mb": 1122.81396484375,
    "peak_gpu_memory_mb": 1123.69580078125,
    "final_workers": 3,
    "initial_workers": 3,
    "omp_threads_per_worker": "auto"
}