step,entropy
0,5545.177444479563
1,5495.312006885377
2,5453.7546175521065
3,3927.9844486304582
4,3915.513516424262
5,3915.513516424262
6,3914.8197976287297
